"company","city","name","occ"
"Magna Tellus Faucibus Industries","Bridgeport","Macy","1"
"Cras Eget Foundation","Terni","Christian","1"
"Curabitur Dictum Inc.","Woking","Virginia","1"
"Consequat Limited","Arvier","Blossom","1"
"Nec Ltd","Grivegnée","Casey","1"
"Nulla Facilisi Incorporated","Kitchener","Yael","1"
"Dui Suspendisse Limited","Ternat","Britanni","1"
"Cras Ltd","Aliano","Dexter","1"
"Per Inceptos Industries","Greifswald","Oscar","1"
"Lacus Institute","Sindelfingen","Liberty","1"
"Nunc Consulting","Hinckley","Rebekah","1"
"Non Lorem Vitae Incorporated","Flénu","Sade","1"
"Dictum Magna Foundation","Warwick","TaShya","1"
"Sociosqu Company","Stintino","Dakota","1"
"Facilisis Non Bibendum PC","Peterhead","Vladimir","1"
"Mi Company","Avennes","Laurel","1"
"At Augue Id Ltd","Lagonegro","Sloane","1"
"Congue Inc.","Dawson Creek","Vanna","1"
"Nisl Associates","Neu-Isenburg","Tana","1"
"Pharetra Felis Company","Paisley","Yardley","1"
"Interdum Curabitur Dictum Industries","Valkenburg aan de Geul","Dexter","1"
"Nullam Nisl Maecenas Corporation","Quilicura","Rina","1"
"Amet Foundation","Geraldton-Greenough","Cain","1"
"Cras Vehicula Aliquet LLC","Roermond","Galvin","1"
"Nunc Sed Orci Corporation","Marke","Kirby","1"
"Ac Nulla LLC","Vaux-sous-Chévremont","Ferris","1"
"Lacinia Mattis Integer Inc.","Zutphen","Chelsea","1"
"Lorem Corporation","Berceto","Barrett","1"
"Enim Etiam Corp.","Rajahmundry","Daria","1"
"Arcu Vel Associates","Flint","Fredericka","1"
"Non Massa Non Ltd","New Haven","Carol","1"
"Porttitor Interdum Sed Ltd","CzÍstochowa","Germane","1"
"Est Congue Ltd","Springfield","Grant","1"
"Odio Associates","Silvassa","Dale","1"
"Posuere Associates","Lawton","Quincy","1"
"Ac Facilisis Facilisis Corp.","Louveigné","Caryn","1"
"Amet Luctus Limited","Ashburton","Odysseus","1"
"Aliquet Sem Institute","Penaflor","Orson","1"
"Enim Diam PC","Oxford County","Harper","1"
"Turpis Institute","Isla de Maipo","Risa","1"
"Malesuada Id LLP","Bargagli","Noel","1"
"Sed Turpis Inc.","Bangor","Kimberly","1"
"Non Enim Mauris LLP","Mejillones","Kelsie","1"
"Nonummy Institute","Louisville","Reed","1"
"Fames Ltd","Ofena","Buffy","1"
"Etiam Ligula Corp.","Tuscaloosa","Audrey","1"
"Cursus Associates","Baiso","Shea","1"
"Suspendisse Eleifend Limited","West Jordan","Kiara","1"
"Ut Incorporated","Céroux-Mousty","Whitney","1"
"Ut Erat Ltd","Santa Fiora","Nehru","1"
"Donec Est Consulting","Campochiaro","Blaze","1"
"Eu Tempor Ltd","Montone","Rae","1"
"Non Bibendum Associates","San Diego","Caldwell","1"
"Sapien Imperdiet Company","Portofino","Aquila","1"
"Dictum Phasellus Consulting","Linz","Austin","1"
"Auctor Ullamcorper Incorporated","CarapicuÌba","Debra","1"
"Quisque Libero Lacus Consulting","Morro Reatino","Kameko","1"
"Ipsum Associates","Saint-Brieuc","India","1"
"Ipsum PC","Lethbridge","Gillian","1"
"Vel Mauris PC","Hinckley","Nicholas","1"
"Semper Erat In Company","Bhind","Abdul","1"
"Ut Semper Industries","LÈvis","Wynne","1"
"Netus Company","Prestatyn","Rowan","1"
"Eu Metus In Corporation","High Wycombe","Kibo","1"
"Risus Donec Egestas Foundation","Brahmapur","Castor","1"
"Pulvinar Associates","Canora","Yvette","1"
"Metus Eu Company","Ercilla","Palmer","1"
"Sem Mollis Dui Inc.","Watermaal-Bosvoorde","Althea","1"
"Tortor Nibh Incorporated","Piétrebais","Nichole","1"
"Diam Sed PC","Minderhout","Myra","1"
"Cras Foundation","Woodlands County","Joan","1"
"Ornare Egestas Limited","Trois-Rivieres","Cadman","1"
"Metus Industries","Zonhoven","Tate","1"
"Magna A Tortor Company","Frankfort","Rae","1"
"Luctus Ipsum Leo Institute","Hinckley","Lee","1"
"Ipsum Industries","Minto","Nolan","1"
"Ullamcorper Duis Ltd","Minervino di Lecce","Lars","1"
"Erat Eget Tincidunt Associates","Randazzo","Unity","1"
"Morbi Corporation","Lakewood","Raven","1"
"Neque Non Ltd","Crowsnest Pass","Scott","1"
"Fermentum Incorporated","Mundare","Tasha","1"
"Luctus LLC","Portree","Odessa","1"
"In Incorporated","Capannori","Xanthus","1"
"Ipsum Limited","Hameln","Callie","1"
"Ac Risus Morbi LLP","Honolulu","Kirby","1"
"Aliquam Nisl Associates","Colchester","Kirsten","1"
"Lacinia Vitae Corporation","San Diego","Holly","1"
"Pede Ultrices Foundation","Nakusp","Britanni","1"
"Tincidunt Donec Vitae Consulting","Kilmarnock","Audrey","1"
"Vitae Nibh Donec Ltd","South Portland","Rahim","1"
"Donec Luctus Aliquet Industries","Villenave-d'Ornon","Delilah","1"
"Nunc Corp.","Fiumara","Salvador","1"
"Ad Litora LLP","Bridlington","Brett","1"
"Vulputate PC","Colchester","Blake","1"
"Proin Vel Consulting","Dipignano","Rowan","1"
"Vivamus Ltd","Dreieich","Wendy","1"
"Pede Industries","Fiuminata","Susan","1"
"Rhoncus Corp.","Cuceglio","Gay","1"
"Purus Ac Tellus Company","Boulogne-sur-Mer","Anne","1"
"Nulla Tincidunt Inc.","Zaria","Clarke","1"
